file,line,reason,evidence
rtl/async_fifo_gray.sv,6,non-executable module port/declaration instrumentation,source classification
rtl/async_fifo_gray.sv,7,non-executable module port/declaration instrumentation,source classification
rtl/async_fifo_gray.sv,8,non-executable module port/declaration instrumentation,source classification
rtl/async_fifo_gray.sv,9,non-executable module port/declaration instrumentation,source classification
rtl/async_fifo_gray.sv,10,non-executable module port/declaration instrumentation,source classification
rtl/async_fifo_gray.sv,11,non-executable module port/declaration instrumentation,source classification
rtl/async_fifo_gray.sv,12,non-executable module port/declaration instrumentation,source classification
rtl/async_fifo_gray.sv,13,non-executable module port/declaration instrumentation,source classification
rtl/async_fifo_gray.sv,14,non-executable module port/declaration instrumentation,source classification
rtl/async_fifo_gray.sv,15,non-executable module port/declaration instrumentation,source classification
rtl/async_fifo_gray.sv,18,non-executable module port/declaration instrumentation,source classification
rtl/async_fifo_gray.sv,19,non-executable module port/declaration instrumentation,source classification
rtl/async_fifo_gray.sv,20,non-executable module port/declaration instrumentation,source classification
rtl/async_fifo_gray.sv,21,non-executable module port/declaration instrumentation,source classification
rtl/async_fifo_gray.sv,22,non-executable module port/declaration instrumentation,source classification
rtl/axi4_async_bridge.sv,8,non-executable module port/declaration instrumentation,source classification
rtl/axi4_async_bridge.sv,9,non-executable module port/declaration instrumentation,source classification
rtl/axi4_async_bridge.sv,10,non-executable module port/declaration instrumentation,source classification
rtl/axi4_async_bridge.sv,11,non-executable module port/declaration instrumentation,source classification
rtl/axi4_async_bridge.sv,13,non-executable module port/declaration instrumentation,source classification
rtl/axi4_async_bridge.sv,14,non-executable module port/declaration instrumentation,source classification
rtl/axi4_async_bridge.sv,15,non-executable module port/declaration instrumentation,source classification
rtl/axi4_async_bridge.sv,16,non-executable module port/declaration instrumentation,source classification
rtl/axi4_async_bridge.sv,17,non-executable module port/declaration instrumentation,source classification
rtl/axi4_async_bridge.sv,18,non-executable module port/declaration instrumentation,source classification
rtl/axi4_async_bridge.sv,19,non-executable module port/declaration instrumentation,source classification
rtl/axi4_async_bridge.sv,20,non-executable module port/declaration instrumentation,source classification
rtl/axi4_async_bridge.sv,21,non-executable module port/declaration instrumentation,source classification
rtl/axi4_async_bridge.sv,22,non-executable module port/declaration instrumentation,source classification
rtl/axi4_async_bridge.sv,23,non-executable module port/declaration instrumentation,source classification
rtl/axi4_async_bridge.sv,24,non-executable module port/declaration instrumentation,source classification
rtl/axi4_async_bridge.sv,25,non-executable module port/declaration instrumentation,source classification
rtl/axi4_async_bridge.sv,26,non-executable module port/declaration instrumentation,source classification
rtl/axi4_async_bridge.sv,27,non-executable module port/declaration instrumentation,source classification
rtl/axi4_async_bridge.sv,28,non-executable module port/declaration instrumentation,source classification
rtl/axi4_async_bridge.sv,29,non-executable module port/declaration instrumentation,source classification
rtl/axi4_async_bridge.sv,30,non-executable module port/declaration instrumentation,source classification
rtl/axi4_async_bridge.sv,31,non-executable module port/declaration instrumentation,source classification
rtl/axi4_async_bridge.sv,32,non-executable module port/declaration instrumentation,source classification
rtl/axi4_async_bridge.sv,33,non-executable module port/declaration instrumentation,source classification
rtl/axi4_async_bridge.sv,34,non-executable module port/declaration instrumentation,source classification
rtl/axi4_async_bridge.sv,35,non-executable module port/declaration instrumentation,source classification
rtl/axi4_async_bridge.sv,36,non-executable module port/declaration instrumentation,source classification
rtl/axi4_async_bridge.sv,37,non-executable module port/declaration instrumentation,source classification
rtl/axi4_async_bridge.sv,38,non-executable module port/declaration instrumentation,source classification
rtl/axi4_async_bridge.sv,39,non-executable module port/declaration instrumentation,source classification
rtl/axi4_async_bridge.sv,40,non-executable module port/declaration instrumentation,source classification
rtl/axi4_async_bridge.sv,42,non-executable module port/declaration instrumentation,source classification
rtl/axi4_async_bridge.sv,43,non-executable module port/declaration instrumentation,source classification
rtl/axi4_async_bridge.sv,44,non-executable module port/declaration instrumentation,source classification
rtl/axi4_async_bridge.sv,45,non-executable module port/declaration instrumentation,source classification
rtl/axi4_async_bridge.sv,46,non-executable module port/declaration instrumentation,source classification
rtl/axi4_async_bridge.sv,47,non-executable module port/declaration instrumentation,source classification
rtl/axi4_async_bridge.sv,48,non-executable module port/declaration instrumentation,source classification
rtl/axi4_async_bridge.sv,49,non-executable module port/declaration instrumentation,source classification
rtl/axi4_async_bridge.sv,50,non-executable module port/declaration instrumentation,source classification
rtl/axi4_async_bridge.sv,51,non-executable module port/declaration instrumentation,source classification
rtl/axi4_async_bridge.sv,52,non-executable module port/declaration instrumentation,source classification
rtl/axi4_async_bridge.sv,53,non-executable module port/declaration instrumentation,source classification
rtl/axi4_async_bridge.sv,54,non-executable module port/declaration instrumentation,source classification
rtl/axi4_async_bridge.sv,55,non-executable module port/declaration instrumentation,source classification
rtl/axi4_async_bridge.sv,56,non-executable module port/declaration instrumentation,source classification
rtl/axi4_async_bridge.sv,57,non-executable module port/declaration instrumentation,source classification
rtl/axi4_async_bridge.sv,58,non-executable module port/declaration instrumentation,source classification
rtl/axi4_async_bridge.sv,59,non-executable module port/declaration instrumentation,source classification
rtl/axi4_async_bridge.sv,60,non-executable module port/declaration instrumentation,source classification
rtl/axi4_async_bridge.sv,61,non-executable module port/declaration instrumentation,source classification
rtl/axi4_async_bridge.sv,62,non-executable module port/declaration instrumentation,source classification
rtl/axi4_async_bridge.sv,63,non-executable module port/declaration instrumentation,source classification
rtl/axi4_async_bridge.sv,64,non-executable module port/declaration instrumentation,source classification
rtl/axi4_async_bridge.sv,65,non-executable module port/declaration instrumentation,source classification
rtl/axi4_async_bridge.sv,66,non-executable module port/declaration instrumentation,source classification
rtl/axi4_async_bridge.sv,67,non-executable module port/declaration instrumentation,source classification
rtl/axi4_async_bridge.sv,68,non-executable module port/declaration instrumentation,source classification
rtl/axi4_async_bridge.sv,69,non-executable module port/declaration instrumentation,source classification
rtl/axi4_async_bridge.sv,75,non-executable module port/declaration instrumentation,source classification
rtl/axi4_async_bridge.sv,77,non-executable module port/declaration instrumentation,source classification
rtl/axi4_qos_fabric.sv,22,non-executable module port/declaration instrumentation,source classification
rtl/axi4_qos_fabric.sv,23,non-executable module port/declaration instrumentation,source classification
rtl/axi4_qos_fabric.sv,25,non-executable module port/declaration instrumentation,source classification
rtl/axi4_qos_fabric.sv,26,non-executable module port/declaration instrumentation,source classification
rtl/axi4_qos_fabric.sv,27,non-executable module port/declaration instrumentation,source classification
rtl/axi4_qos_fabric.sv,29,non-executable module port/declaration instrumentation,source classification
rtl/axi4_qos_fabric.sv,30,non-executable module port/declaration instrumentation,source classification
rtl/axi4_qos_fabric.sv,31,non-executable module port/declaration instrumentation,source classification
rtl/axi4_qos_fabric.sv,32,non-executable module port/declaration instrumentation,source classification
rtl/axi4_qos_fabric.sv,33,non-executable module port/declaration instrumentation,source classification
rtl/axi4_qos_fabric.sv,34,non-executable module port/declaration instrumentation,source classification
rtl/axi4_qos_fabric.sv,35,non-executable module port/declaration instrumentation,source classification
rtl/axi4_qos_fabric.sv,37,non-executable module port/declaration instrumentation,source classification
rtl/axi4_qos_fabric.sv,38,non-executable module port/declaration instrumentation,source classification
rtl/axi4_qos_fabric.sv,39,non-executable module port/declaration instrumentation,source classification
rtl/axi4_qos_fabric.sv,40,non-executable module port/declaration instrumentation,source classification
rtl/axi4_qos_fabric.sv,41,non-executable module port/declaration instrumentation,source classification
rtl/axi4_qos_fabric.sv,42,non-executable module port/declaration instrumentation,source classification
rtl/axi4_qos_fabric.sv,44,non-executable module port/declaration instrumentation,source classification
rtl/axi4_qos_fabric.sv,45,non-executable module port/declaration instrumentation,source classification
rtl/axi4_qos_fabric.sv,46,non-executable module port/declaration instrumentation,source classification
rtl/axi4_qos_fabric.sv,48,non-executable module port/declaration instrumentation,source classification
rtl/axi4_qos_fabric.sv,49,non-executable module port/declaration instrumentation,source classification
rtl/axi4_qos_fabric.sv,50,non-executable module port/declaration instrumentation,source classification
rtl/axi4_qos_fabric.sv,51,non-executable module port/declaration instrumentation,source classification
rtl/axi4_qos_fabric.sv,52,non-executable module port/declaration instrumentation,source classification
rtl/axi4_qos_fabric.sv,53,non-executable module port/declaration instrumentation,source classification
rtl/axi4_qos_fabric.sv,54,non-executable module port/declaration instrumentation,source classification
rtl/axi4_qos_fabric.sv,55,non-executable module port/declaration instrumentation,source classification
rtl/axi4_qos_fabric.sv,57,non-executable module port/declaration instrumentation,source classification
rtl/axi4_qos_fabric.sv,58,non-executable module port/declaration instrumentation,source classification
rtl/axi4_qos_fabric.sv,60,non-executable module port/declaration instrumentation,source classification
rtl/axi4_qos_fabric.sv,61,non-executable module port/declaration instrumentation,source classification
rtl/axi4_qos_fabric.sv,62,non-executable module port/declaration instrumentation,source classification
rtl/axi4_qos_fabric.sv,64,non-executable module port/declaration instrumentation,source classification
rtl/axi4_qos_fabric.sv,65,non-executable module port/declaration instrumentation,source classification
rtl/axi4_qos_fabric.sv,66,non-executable module port/declaration instrumentation,source classification
rtl/axi4_qos_fabric.sv,67,non-executable module port/declaration instrumentation,source classification
rtl/axi4_qos_fabric.sv,68,non-executable module port/declaration instrumentation,source classification
rtl/axi4_qos_fabric.sv,69,non-executable module port/declaration instrumentation,source classification
rtl/axi4_qos_fabric.sv,70,non-executable module port/declaration instrumentation,source classification
rtl/axi4_qos_fabric.sv,72,non-executable module port/declaration instrumentation,source classification
rtl/axi4_qos_fabric.sv,73,non-executable module port/declaration instrumentation,source classification
rtl/axi4_qos_fabric.sv,74,non-executable module port/declaration instrumentation,source classification
rtl/axi4_qos_fabric.sv,75,non-executable module port/declaration instrumentation,source classification
rtl/axi4_qos_fabric.sv,76,non-executable module port/declaration instrumentation,source classification
rtl/axi4_qos_fabric.sv,77,non-executable module port/declaration instrumentation,source classification
rtl/axi4_qos_fabric.sv,79,non-executable module port/declaration instrumentation,source classification
rtl/axi4_qos_fabric.sv,80,non-executable module port/declaration instrumentation,source classification
rtl/axi4_qos_fabric.sv,81,non-executable module port/declaration instrumentation,source classification
rtl/axi4_qos_fabric.sv,83,non-executable module port/declaration instrumentation,source classification
rtl/axi4_qos_fabric.sv,84,non-executable module port/declaration instrumentation,source classification
rtl/axi4_qos_fabric.sv,85,non-executable module port/declaration instrumentation,source classification
rtl/axi4_qos_fabric.sv,86,non-executable module port/declaration instrumentation,source classification
rtl/axi4_qos_fabric.sv,87,non-executable module port/declaration instrumentation,source classification
rtl/axi4_qos_fabric.sv,88,non-executable module port/declaration instrumentation,source classification
rtl/axi4_qos_fabric.sv,89,non-executable module port/declaration instrumentation,source classification
rtl/axi4_qos_fabric.sv,90,non-executable module port/declaration instrumentation,source classification
rtl/axi4_qos_fabric.sv,92,non-executable module port/declaration instrumentation,source classification
rtl/axi4_qos_fabric.sv,93,non-executable module port/declaration instrumentation,source classification
rtl/axi4_qos_fabric.sv,95,non-executable module port/declaration instrumentation,source classification
rtl/axi4_qos_fabric.sv,96,non-executable module port/declaration instrumentation,source classification
rtl/axi4_qos_fabric.sv,103,non-executable module port/declaration instrumentation,source classification
rtl/axi4_qos_fabric.sv,104,non-executable module port/declaration instrumentation,source classification
rtl/axi4_qos_fabric.sv,105,non-executable module port/declaration instrumentation,source classification
rtl/axi4_qos_fabric.sv,106,non-executable module port/declaration instrumentation,source classification
rtl/axi4_qos_fabric.sv,107,non-executable module port/declaration instrumentation,source classification
rtl/axi4_qos_fabric.sv,108,non-executable module port/declaration instrumentation,source classification
rtl/axi4_qos_fabric.sv,109,non-executable module port/declaration instrumentation,source classification
rtl/axi4_qos_fabric.sv,111,non-executable module port/declaration instrumentation,source classification
rtl/axi4_qos_fabric.sv,112,non-executable module port/declaration instrumentation,source classification
rtl/axi4_qos_fabric.sv,113,non-executable module port/declaration instrumentation,source classification
rtl/axi4_qos_fabric.sv,114,non-executable module port/declaration instrumentation,source classification
rtl/axi4_qos_fabric.sv,115,non-executable module port/declaration instrumentation,source classification
rtl/axi4_qos_fabric.sv,116,non-executable module port/declaration instrumentation,source classification
rtl/axi4_qos_fabric.sv,118,non-executable module port/declaration instrumentation,source classification
rtl/axi4_qos_fabric.sv,119,non-executable module port/declaration instrumentation,source classification
rtl/axi4_qos_fabric.sv,120,non-executable module port/declaration instrumentation,source classification
rtl/axi4_qos_fabric.sv,122,non-executable module port/declaration instrumentation,source classification
rtl/axi4_qos_fabric.sv,123,non-executable module port/declaration instrumentation,source classification
rtl/axi4_qos_fabric.sv,124,non-executable module port/declaration instrumentation,source classification
rtl/axi4_qos_fabric.sv,125,non-executable module port/declaration instrumentation,source classification
rtl/axi4_qos_fabric.sv,127,non-executable module port/declaration instrumentation,source classification
rtl/axi4_qos_fabric.sv,128,non-executable module port/declaration instrumentation,source classification
rtl/axi4_qos_fabric.sv,129,non-executable module port/declaration instrumentation,source classification
rtl/qos_arbiter.sv,7,non-executable module port/declaration instrumentation,source classification
rtl/qos_arbiter.sv,8,non-executable module port/declaration instrumentation,source classification
rtl/qos_arbiter.sv,9,non-executable module port/declaration instrumentation,source classification
rtl/qos_arbiter.sv,10,non-executable module port/declaration instrumentation,source classification
rtl/qos_arbiter.sv,11,non-executable module port/declaration instrumentation,source classification
rtl/qos_arbiter.sv,12,non-executable module port/declaration instrumentation,source classification
rtl/qos_arbiter.sv,13,non-executable module port/declaration instrumentation,source classification
rtl/qos_arbiter.sv,14,non-executable module port/declaration instrumentation,source classification
rtl/qos_arbiter.sv,17,non-executable module port/declaration instrumentation,source classification
rtl/qos_arbiter.sv,18,non-executable module port/declaration instrumentation,source classification
rtl/qos_arbiter.sv,19,non-executable module port/declaration instrumentation,source classification
rtl/qos_arbiter.sv,20,non-executable module port/declaration instrumentation,source classification
rtl/qos_arbiter.sv,21,non-executable module port/declaration instrumentation,source classification
rtl/qos_arbiter.sv,22,non-executable module port/declaration instrumentation,source classification
rtl/qos_arbiter.sv,23,non-executable module port/declaration instrumentation,source classification
