scenario,status,checks,errors,duration_seconds,bucket,trace,log
smoke,PASS,38,0,NA,none,build/traces/smoke.jsonl,build/logs/smoke.log
single_master_rw,PASS,36,0,NA,none,build/traces/single_master_rw.jsonl,build/logs/single_master_rw.log
target_matrix,PASS,36,0,NA,none,build/traces/target_matrix.jsonl,build/logs/target_matrix.log
burst_lengths,PASS,146,0,NA,none,build/traces/burst_lengths.jsonl,build/logs/burst_lengths.log
transfer_sizes,PASS,146,0,NA,none,build/traces/transfer_sizes.jsonl,build/logs/transfer_sizes.log
partial_strobes,PASS,146,0,NA,none,build/traces/partial_strobes.jsonl,build/logs/partial_strobes.log
malformed_unmapped,PASS,17,0,NA,none,build/traces/malformed_unmapped.jsonl,build/logs/malformed_unmapped.log
malformed_misaligned,PASS,17,0,NA,none,build/traces/malformed_misaligned.jsonl,build/logs/malformed_misaligned.log
malformed_burst,PASS,17,0,NA,none,build/traces/malformed_burst.jsonl,build/logs/malformed_burst.log
boundary_4k,PASS,17,0,NA,none,build/traces/boundary_4k.jsonl,build/logs/boundary_4k.log
security_access,PASS,38,0,NA,none,build/traces/security_access.jsonl,build/logs/security_access.log
downstream_errors,PASS,7,0,NA,none,build/traces/downstream_errors.jsonl,build/logs/downstream_errors.log
qos_priority,PASS,38,0,NA,none,build/traces/qos_priority.jsonl,build/logs/qos_priority.log
equal_qos_rr,PASS,12,0,NA,none,build/traces/equal_qos_rr.jsonl,build/logs/equal_qos_rr.log
starvation_override,PASS,4,0,NA,none,build/traces/starvation_override.jsonl,build/logs/starvation_override.log
contention_two,PASS,18,0,NA,none,build/traces/contention_two.jsonl,build/logs/contention_two.log
contention_four,PASS,36,0,NA,none,build/traces/contention_four.jsonl,build/logs/contention_four.log
outstanding_ids,PASS,12,0,NA,none,build/traces/outstanding_ids.jsonl,build/logs/outstanding_ids.log
write_burst_lock,PASS,8,0,NA,none,build/traces/write_burst_lock.jsonl,build/logs/write_burst_lock.log
aw_delayed_w,PASS,8,0,NA,none,build/traces/aw_delayed_w.jsonl,build/logs/aw_delayed_w.log
channel_backpressure_25,PASS,36,0,NA,none,build/traces/channel_backpressure_25.jsonl,build/logs/channel_backpressure_25.log
channel_backpressure_75,PASS,36,0,NA,none,build/traces/channel_backpressure_75.jsonl,build/logs/channel_backpressure_75.log
async_target,PASS,38,0,NA,none,build/traces/async_target.jsonl,build/logs/async_target.log
reset_recovery,PASS,6,0,NA,none,build/traces/reset_recovery.jsonl,build/logs/reset_recovery.log
local_error_matrix,PASS,17,0,NA,none,build/traces/local_error_matrix.jsonl,build/logs/local_error_matrix.log
same_target_reorder,PASS,10,0,NA,none,build/traces/same_target_reorder.jsonl,build/logs/same_target_reorder.log
multi_master_reorder,PASS,5,0,NA,none,build/traces/multi_master_reorder.jsonl,build/logs/multi_master_reorder.log
simultaneous_rw_reorder,PASS,8,0,NA,none,build/traces/simultaneous_rw_reorder.jsonl,build/logs/simultaneous_rw_reorder.log
response_backpressure_queue,PASS,7,0,NA,none,build/traces/response_backpressure_queue.jsonl,build/logs/response_backpressure_queue.log
w_before_aw,PASS,8,0,NA,none,build/traces/w_before_aw.jsonl,build/logs/w_before_aw.log
